Financial Instrument,Currency,Symbol,Description,Sector,Quantity Bought,Average Price Bought,Proceeds Bought,Proceeds Bought in Base,Quantity Sold,Average Price Sold,Proceeds Sold,Proceeds Sold in Base
Bonds,United States Dollar,CYH 6 7/8 04/01/28 7AP3,CYH 6 7/8 04/01/28,Healthcare,8000,1.003275,-8026.2,-8026.2,-8000,0.88985,7118.8,7118.8
Bonds,United States Dollar,GNBSUD 7 1/2 07/30/22 VAA0,GNBSUD 7 1/2 07/30/22,Financials,0,0,0,0,-45000,1.019,45855,45855
Bonds,United States Dollar,NAVI 5 1/2 03/15/30,NAVI 5 1/2 03/15/30,Financials,12000,0.94,-11280,-11280,-12000,0.955,11460,11460
Bonds,United States Dollar,NAVI 6.35 09/15/31,NAVI 6.35 09/15/31,Financials,10000,1.00001,-10000.1,-10000.1,-10000,0.98583,9858.3,9858.3
Bonds,United States Dollar,PEMEX 4 7/8 01/24/22 QBB7,PEMEX 4 7/8 01/24/22,Energy,20000,1.02028,-20405.6,-20405.6,-20000,1.011,20220,20220
Bonds,United States Dollar,PEMEX 6.84 01/23/30 QDC3,PEMEX 6.84 01/23/30,Energy,10000,1.0324,-10324,-10324,-10000,1.0611,10611,10611
Bonds,United States Dollar,RAGHSA 7 1/4 03/21/24,RAGHSA 7 1/4 03/21/24,Real Estate,4000,0.96,-3840,-3840,-4000,0.95,3800,3800
Bonds,United States Dollar,RITM 6 1/4 10/15/25,RITM 6 1/4 10/15/25,Real Estate,24000,1.016041667,-24385,-24385,-24000,1.004320833,24103.7,24103.7
ETFs,Hong Kong Dollar,2828,HANGSENG CHINA ENT INDEX,Broad,4200,84,-352800,-45253.656,-4200,93.66,393372,50524.69968
ETFs,United States Dollar,BND,VANGUARD TOTAL BOND MARKET,Broad,400,72.19575,-28878.3,-28878.3,-400,73.2227125,29289.085,29289.085
ETFs,United States Dollar,CEFD,ETRACS 150% CL END FUND ETN,Financials,1200,19.1975,-23037,-23037,-1200,19.230141667,23076.17,23076.17
ETFs,United States Dollar,ECH,ISHARES MSCI CHILE ETF,Broad,100,24.05,-2405,-2405,-100,26.51,2651,2651
ETFs,United States Dollar,EWZ,ISHARES MSCI BRAZIL ETF,Broad,495,27.563636364,-13644,-13644,-495,30.83,15260.85,15260.85
ETFs,United States Dollar,FLBL,FRANKLIN SENIOR LOAN ETF,Broad,2361,24.139739051,-56993.9239,-56993.9239,-361,23.464277008,8470.604,8470.604
ETFs,United States Dollar,GLD,SPDR GOLD SHARES,Basic Materials,400,214.827475,-85930.99,-85930.99,-400,214.817625,85927.05,85927.05
ETFs,United States Dollar,IAU,ISHARES GOLD TRUST,Basic Materials,475,34.570263158,-16420.875,-16420.875,0,0,0,0
ETFs,United States Dollar,JEPI,JPMORGAN EQUITY PREMIUM INCO,Broad,380,55.338526316,-21028.64,-21028.64,-380,54.420315789,20679.72,20679.72
ETFs,United States Dollar,JETS,US GLOBAL JETS ETF,Industrials,250,20,-5000,-5000,-250,21.485,5371.25,5371.25
ETFs,United States Dollar,KWEB,KRANESH CSI CHINA INTERNET,Technology,100,25.24,-2524,-2524,-100,29.02,2902,2902
ETFs,United States Dollar,LABU.OLD,DRX DLY S&P BIOTECH BULL 3X,Broad,3000,13.6575,-40972.5,-40972.5,-3000,12.848196667,38544.59,38544.59
ETFs,United States Dollar,MJ,ETFMG ALTERNATIVE HARVEST,Broad,300,8.418666667,-2525.6,-2525.6,-300,7.312,2193.6,2193.6
ETFs,United States Dollar,PCY,INVESCO EMERGING MARKETS SOV,Broad,1000,19.04138,-19041.38,-19041.38,-1000,18.7023,18702.3,18702.3
ETFs,United States Dollar,PFFD,GLOBAL X US PREFERRED ETF,Broad,200,21.118,-4223.6,-4223.6,-200,20.3209,4064.18,4064.18
ETFs,United States Dollar,PPLT,ABRDN PHYSICAL PLATINUM SHRS,Basic Materials,20,91.42,-1828.4,-1828.4,-20,92.4,1848,1848
ETFs,United States Dollar,QYLD,GLOBAL X NASD 100 COV CALL,Broad,5850,15.36,-89856,-89856,-5850,16.593911111,97074.38,97074.38
ETFs,United States Dollar,RYLD,GLOBAL X RUSSELL 2000 COV CL,Broad,1800,17.422744444,-31360.94,-31360.94,-870,16.955,14750.85,14750.85
ETFs,United States Dollar,SDIV,GLOBAL X SUPERDIVIDEND ETF,Broad,900,22.827333333,-20544.6,-20544.6,-900,23.273055556,20945.75,20945.75
ETFs,United States Dollar,SHV,ISHARES 0-1 YEAR TREASURY BO,Government,655,110.248053435,-72212.475,-72212.475,-325,110.432,35890.4,35890.4
ETFs,United States Dollar,SHY,ISHARES 1-3 YEAR TREASURY BO,Government,794,82.350499496,-65386.2966,-65386.2966,0,0,0,0
ETFs,United States Dollar,SLV,ISHARES SILVER TRUST,Basic Materials,410,20.63,-8458.3,-8458.3,-410,22.708536585,9310.5,9310.5
ETFs,United States Dollar,TBF,PROSHARES SHORT 20+ TREASURY,Broad,100,18.655,-1865.5,-1865.5,-100,19.86,1986,1986
ETFs,United States Dollar,TLT,ISHARES 20+ YEAR TREASURY BD,Government,450,99.185388889,-44633.425,-44633.425,-394,99.454911168,39185.235,39185.235
ETFs,United States Dollar,TLTW,ISHARES 20+ BOND BUYWRITE,Broad,1500,22.789766667,-34184.65,-34184.65,0,0,0,0
ETFs,United States Dollar,TMF,DRX DLY 20+ YR TREAS BULL 3X,Broad,0,0,0,0,-180,60.65,10917,10917
ETFs,United States Dollar,TMF.OLD,DRX DLY 20+ YR TREAS BULL 3X,Broad,2500,7.529,-18822.5,-18822.5,-700,8.02,5614,5614
ETFs,United States Dollar,TMV,DRX DLY 20+ YR TREAS BEAR 3X,Broad,20,72.088,-1441.76,-1441.76,-20,83.94,1678.8,1678.8
ETFs,United States Dollar,TOTL,SS DOUBLELINE TR TACT ETF,Broad,490,40.81905102,-20001.335,-20001.335,-490,40.85172449,20017.345,20017.345
ETFs,United States Dollar,TYD,DRX DLY 7-10 Y TREAS BULL 3X,Broad,1000,28.349,-28349,-28349,-1000,26.6969,26696.9,26696.9
ETFs,United States Dollar,URA,GLOBAL X URANIUM ETF,Energy,190,21.4,-4066,-4066,-190,22.771684211,4326.62,4326.62
ETFs,United States Dollar,WIP,SPDR FTSE INTERNATIONAL GOVE,Broad,260,37.99,-9877.4,-9877.4,-260,41.41,10766.6,10766.6
Forex,Hong Kong Dollar,USD.HKD,USD.HKD,Cash,54333.2466,7.781507204,-422794.54982435,-54293.853787223,-45284.5312,7.798387105,353146.30415143,45298.085816305
Forex,United States Dollar,EUR.USD,EUR.USD,Cash,9170.541,1.042592961,-9561.141497801,-9561.141497801,-9932.0315,1.09875,10912.819610625,10912.819610625
Forex,United States Dollar,GBP.USD,GBP.USD,Cash,6,1.3577,-8.1462,-8.1462,0,0,0,0
Options,United States Dollar,ABNB  260116C00140000,ABNB 16JAN26 140 C,Technology,1,14.55,-1455,-1455,-1,11.13,1113,1113
Options,United States Dollar,AMT   220318C00250000,AMT 18MAR22 250.0 C,Real Estate,1,1.45,-145,-145,-1,1.69,169,169
Options,United States Dollar,AMZN  230113C00093000,AMZN 13JAN23 93 C,Consumer Cyclicals,1,1.63,-163,-163,-1,3.88,388,388
Options,United States Dollar,AMZN  240119C00100000,AMZN 19JAN24 100 C,Consumer Cyclicals,1,10.25,-1025,-1025,-1,8.9,890,890
Options,United States Dollar,AMZN  240119C00110000,AMZN 19JAN24 110 C,Consumer Cyclicals,1,8.95,-895,-895,-1,11.3,1130,1130
Options,United States Dollar,AMZN  250117C00080000,AMZN 17JAN25 80 C,Consumer Cyclicals,1,24.3,-2430,-2430,-1,29.6,2960,2960
Options,United States Dollar,BA    220408C00180000,BA 08APR22 180.0 C,Industrials,1,1.89,-189,-189,-1,0,0,0
Options,United States Dollar,BA    230120C00150000,BA 20JAN23 150 C,Industrials,2,17.425,-3485,-3485,-2,15.995,3199,3199
Options,United States Dollar,BA    240517C00220000,BA 17MAY24 220 C,Industrials,1,5.42,-542,-542,-1,0.04,4,4
Options,United States Dollar,BABA  221216C00100000,BABA 16DEC22 100 C,Technology,2,5.2,-1040,-1040,-2,1.75,350,350
Options,United States Dollar,BABA  240315C00070000,BABA 15MAR24 70 C,Technology,1,6.92,-692,-692,-1,9.32,932,932
Options,United States Dollar,BABA  240517C00090000,BABA 17MAY24 90 C,Technology,5,0.84,-420,-420,-5,0.17,85,85
Options,United States Dollar,BABA1 250620C00080000,BABA1 20JUN25 80 C,Technology,5,13.3,-6650,-6650,-5,16.4,8200,8200
Options,United States Dollar,BABA1 260116C00100000,BABA1 16JAN26 100 C,Technology,10,9.95,-9950,-9950,-10,7.45,7450,7450
Options,United States Dollar,BABA2 260116C00100000,BABA2 16JAN26 100 C,Technology,10,7.55,-7550,-7550,-10,7.84,7840,7840
Options,United States Dollar,BAC   250117C00028000,BAC 17JAN25 28 C,Financials,2,4.46,-892,-892,-2,5.25,1050,1050
Options,United States Dollar,BIDU  250620C00090000,BIDU 20JUN25 90 C,Technology,2,26.875,-5375,-5375,-2,17.2,3440,3440
Options,United States Dollar,BLOK  220520C00030000,BLOK 20MAY22 30.0 C,Technology,1,2.9,-290,-290,-1,5.66,566,566
Options,United States Dollar,BMY   250117C00065000,BMY 17JAN25 65 C,Healthcare,1,7.33,-733,-733,-1,1.25,125,125
Options,United States Dollar,BMY   260116C00045000,BMY 16JAN26 45 C,Healthcare,3,6.5,-1950,-1950,-3,9.4,2820,2820
Options,United States Dollar,BOIL  230217C00006500,BOIL 17FEB23 6.5 C,Basic Materials,1,0.78,-78,-78,-1,0,0,0
Options,United States Dollar,C     220617C00052500,C 17JUN22 52.5 C,Financials,1,2.67,-267,-267,-1,2.69,269,269
Options,United States Dollar,C     220617C00055000,C 17JUN22 55 C,Financials,1,1.74,-174,-174,-1,1.57,157,157
Options,United States Dollar,C     240119C00045000,C 19JAN24 45 C,Financials,1,7.63,-763,-763,-1,11.6,1160,1160
Options,United States Dollar,C     240119C00050000,C 19JAN24 50 C,Financials,1,7.05,-705,-705,-1,8.3,830,830
Options,United States Dollar,C     250117C00045000,C 17JAN25 45 C,Financials,1,7.85,-785,-785,-1,9.25,925,925
Options,United States Dollar,CAT   220318C00210000,CAT 18MAR22 210.0 C,Industrials,1,3.9,-390,-390,-1,4.5,450,450
Options,United States Dollar,CS    230120C00003900,CS 20JAN23 3.9 C,Financials,2,1.45,-290,-290,-2,1.465,293,293
Options,United States Dollar,CVS   260116C00050000,CVS 16JAN26 50 C,Healthcare,2,12.6,-2520,-2520,-2,16.2,3240,3240
Options,United States Dollar,DIS   220520C00130000,DIS 20MAY22 130.0 C,Telecomm,1,2.59,-259,-259,-1,0,0,0
Options,United States Dollar,ENPH  240426C00135000,ENPH 26APR24 135 C,Energy,1,1.67,-167,-167,-1,0.02,2,2
Options,United States Dollar,ERIC  250117C00005000,ERIC 17JAN25 5 C,Technology,1,1.7,-170,-170,-1,1.07,107,107
Options,United States Dollar,EWZ   240119C00020000,EWZ 19JAN24 20 C,Broad,4,7.5225,-3009,-3009,-4,11.34,4536,4536
Options,United States Dollar,EWZ   240119C00025000,EWZ 19JAN24 25 C,Broad,3,4.45,-1335,-1335,-3,6.96,2088,2088
Options,United States Dollar,EWZ   240119C00028000,EWZ 19JAN24 28 C,Broad,5,3.62,-1810,-1810,-5,5.72,2860,2860
Options,United States Dollar,EWZ   240621C00030000,EWZ 21JUN24 30 C,Broad,5,2.03,-1015,-1015,-5,0.01,5,5
Options,United States Dollar,EWZ   260116C00027000,EWZ 16JAN26 27 C,Broad,5,1.82,-910,-910,-5,2.13,1065,1065
Options,United States Dollar,EXPE  230616C00110000,EXPE 16JUN23 110 C,Consumer Cyclicals,2,1.28,-256,-256,-2,0.35,70,70
Options,United States Dollar,FCX   250221C00049000,FCX 21FEB25 49 C,Basic Materials,17,4,-6800,-6800,-17,2.17,3689,3689
Options,United States Dollar,FCX   250221P00043000,FCX 21FEB25 43 P,Basic Materials,17,3.88,-6596,-6596,-17,2.08,3536,3536
Options,United States Dollar,FCX   260116C00035000,FCX 16JAN26 35 C,Basic Materials,1,6.4,-640,-640,-1,9.75,975,975
Options,United States Dollar,FRC   230317C00050000,FRC 17MAR23 50 C,Financials,1,2.75,-275,-275,-1,1.4,140,140
Options,United States Dollar,GOLD  240119C00013000,GOLD 19JAN24 13 C,Basic Materials,1,4.85,-485,-485,-1,4.57,457,457
Options,United States Dollar,GOLD  240119C00015000,GOLD 19JAN24 15 C,Basic Materials,2,5.75,-1150,-1150,-2,3.91,782,782
Options,United States Dollar,GOLD  250117C00015000,GOLD 17JAN25 15 C,Basic Materials,3,2.52,-756,-756,-3,4.18,1254,1254
Options,United States Dollar,GOOGL 230113C00092000,GOOGL 13JAN23 92 C,Telecomm,1,0.74,-74,-74,-1,0.87,87,87
Options,United States Dollar,GOOGL 240119C00090000,GOOGL 19JAN24 90 C,Telecomm,1,12.6,-1260,-1260,-1,14.68,1468,1468
Options,United States Dollar,GOOGL 240119C00100000,GOOGL 19JAN24 100 C,Telecomm,1,24.4,-2440,-2440,-1,28.33,2833,2833
Options,United States Dollar,GOOGL 250117C00110000,GOOGL 17JAN25 110 C,Telecomm,1,13.9,-1390,-1390,-1,17,1700,1700
Options,United States Dollar,HAS   230317C00060000,HAS 17MAR23 60 C,Consumer Cyclicals,1,2.95,-295,-295,-1,0,0,0
Options,United States Dollar,INTC  220617C00045000,INTC 17JUN22 45 C,Technology,2,3.29,-658,-658,-2,5.425,1085,1085
Options,United States Dollar,INTC  220715C00045000,INTC 15JUL22 45 C,Technology,1,2.02,-202,-202,-1,2.75,275,275
Options,United States Dollar,INTC  220819C00040000,INTC 19AUG22 40 C,Technology,1,2.24,-224,-224,-1,2,200,200
Options,United States Dollar,INTC  240119C00025000,INTC 19JAN24 25 C,Technology,1,12.39,-1239,-1239,-1,4.3,430,430
Options,United States Dollar,INTC  240119C00030000,INTC 19JAN24 30 C,Technology,1,8.95,-895,-895,-1,2.37,237,237
Options,United States Dollar,JD    220311P00055000,JD 11MAR22 55.0 P,Consumer Cyclicals,1,0.58,-58,-58,-1,0.25,25,25
Options,United States Dollar,JD    220318C00065000,JD 18MAR22 65.0 C,Consumer Cyclicals,1,2,-200,-200,-1,0.56,56,56
Options,United States Dollar,JD    220401C00062000,JD 01APR22 62.0 C,Consumer Cyclicals,2,1.48,-296,-296,-2,2.75,550,550
Options,United States Dollar,JD    220408C00060000,JD 08APR22 60.0 C,Consumer Cyclicals,1,1.37,-137,-137,-1,2.69,269,269
Options,United States Dollar,JD    220408C00064000,JD 08APR22 64.0 C,Consumer Cyclicals,1,2.4,-240,-240,-1,0,0,0
Options,United States Dollar,JD    250117C00040000,JD 17JAN25 40 C,Consumer Cyclicals,2,8.225,-1645,-1645,-2,9.1,1820,1820
Options,United States Dollar,JETS  220617C00020860,JETS 17JUN22 20.86 C,Industrials,1,1.62,-162,-162,-1,2.12,212,212
Options,United States Dollar,JETS  230120C00016860,JETS 20JAN23 16.86 C,Industrials,1,2.12,-212,-212,-1,2.11,211,211
Options,United States Dollar,KMB   270115C00130000,KMB 15JAN27 130 C,Consumer Non-Cyc,2,7.54,-1508,-1508,-2,4,800,800
Options,United States Dollar,KOLD  220520C00011000,KOLD 20MAY22 11.0 C,Basic Materials,1,1.88,-188,-188,-1,0,0,0
Options,United States Dollar,KWEB  220617C00040000,KWEB 17JUN22 40 C,Technology,1,1.08,-108,-108,-1,1.77,177,177
Options,United States Dollar,KWEB  230519C00030000,KWEB 19MAY23 30 C,Technology,2,2.95,-590,-590,-2,4.65,930,930
Options,United States Dollar,KWEB  240119C00017420,KWEB 19JAN24 17.42 C,Technology,1,16.1,-1610,-1610,-1,17.3,1730,1730
Options,United States Dollar,KWEB  250117C00020000,KWEB 17JAN25 20 C,Technology,4,5.705,-2282,-2282,-4,11.4,4560,4560
Options,United States Dollar,LABU  220422C00014500,LABU 22APR22 14.5 C,Broad,3,1.76,-528,-528,-3,0,0,0
Options,United States Dollar,LABU  220422C00015000,LABU 22APR22 15.0 C,Broad,2,1.41,-282,-282,-2,1.4,280,280
Options,United States Dollar,LABU  230120C00009000,LABU 20JAN23 9 C,Broad,10,3.3,-3300,-3300,-10,3.27,3270,3270
Options,United States Dollar,LABU  230120C00010000,LABU 20JAN23 10 C,Broad,10,2.74,-2740,-2740,-10,2.9,2900,2900
Options,United States Dollar,LVS   220617C00040000,LVS 17JUN22 40 C,Consumer Cyclicals,1,1.44,-144,-144,-1,3.79,379,379
Options,United States Dollar,LVS   260320C00035000,LVS 20MAR26 35 C,Consumer Cyclicals,2,11.81,-2362,-2362,-2,7.7,1540,1540
Options,United States Dollar,NEM   240119C00035000,NEM 19JAN24 35 C,Basic Materials,1,13.8,-1380,-1380,-1,14.9,1490,1490
Options,United States Dollar,NEM   240426C00038000,NEM 26APR24 38 C,Basic Materials,2,1.135,-227,-227,-2,4.06,812,812
Options,United States Dollar,NEM   250117C00040000,NEM 17JAN25 40 C,Basic Materials,2,8.325,-1665,-1665,-2,9.9,1980,1980
Options,United States Dollar,NET   230210C00067000,NET 10FEB23 67 C,Technology,1,1.42,-142,-142,-1,0.05,5,5
Options,United States Dollar,NET   230210P00053000,NET 10FEB23 53 P,Technology,1,1.45,-145,-145,-1,0.01,1,1
Options,United States Dollar,NFLX  240119C00200000,NFLX 19JAN24 200 C,Telecomm,1,47.5,-4750,-4750,-1,52.6,5260,5260
Options,United States Dollar,NKE   250321C00100000,NKE 21MAR25 100 C,Consumer Cyclicals,9,0.91,-819,-819,-9,1.46,1314,1314
Options,United States Dollar,NKE   250321P00082500,NKE 21MAR25 82.5 P,Consumer Cyclicals,9,5.8,-5220,-5220,-9,8.28,7452,7452
Options,United States Dollar,NKE   270115C00070000,NKE 15JAN27 70 C,Consumer Cyclicals,1,15.95,-1595,-1595,-1,17.65,1765,1765
Options,United States Dollar,NVDA  240216P00480000,NVDA 16FEB24 480 P,Technology,1,4.55,-455,-455,-1,0,0,0
Options,United States Dollar,NVDS1 231215C00010000,NVDS1 15DEC23 10 C,Broad,1,1,-100,-100,-1,1.07,107,107
Options,United States Dollar,OUST1 240119C00002500,OUST1 19JAN24 2.5 C,Technology,1,0.92,-92,-92,-1,1.24,124,124
Options,United States Dollar,PFE   260116C00020000,PFE 16JAN26 20 C,Healthcare,4,7.22,-2888,-2888,-4,9.41,3764,3764
Options,United States Dollar,PFE   260618C00030000,PFE 18JUN26 30 C,Healthcare,5,2.01,-1005,-1005,-5,0.51,255,255
Options,United States Dollar,PLTR  230120C00012500,PLTR 20JAN23 12.5 C,Technology,1,1.99,-199,-199,-1,0.2,20,20
Options,United States Dollar,PYPL  220204C00170000,PYPL 04FEB22 170.0 C,Financials,1,2.35,-235,-235,-1,5,500,500
Options,United States Dollar,PYPL  220325C00118000,PYPL 25MAR22 118.0 C,Financials,3,2.153333333,-646,-646,-3,1.35,405,405
Options,United States Dollar,PYPL  240119C00080000,PYPL 19JAN24 80 C,Financials,1,22,-2200,-2200,-1,26.3,2630,2630
Options,United States Dollar,PYPL  240119C00090000,PYPL 19JAN24 90 C,Financials,1,21.7,-2170,-2170,-1,21.58,2158,2158
Options,United States Dollar,PYPL  240119C00100000,PYPL 19JAN24 100 C,Financials,2,26.725,-5345,-5345,-2,20.73,4146,4146
Options,United States Dollar,PYPL  240119C00120000,PYPL 19JAN24 120 C,Financials,2,24.475,-4895,-4895,-2,27.2,5440,5440
Options,United States Dollar,PYPL  251219C00070000,PYPL 19DEC25 70 C,Financials,4,13.835,-5534,-5534,-4,13.19,5276,5276
Options,United States Dollar,PYPL  261218C00060000,PYPL 18DEC26 60 C,Financials,1,25.3,-2530,-2530,-1,24.9,2490,2490
Options,United States Dollar,QCOM  240621C00125000,QCOM 21JUN24 125 C,Technology,1,8.55,-855,-855,-1,13.1,1310,1310
Options,United States Dollar,QQQ   240920P00419780,QQQ 20SEP24 419.78 P,Broad,1,25.5,-2550,-2550,-1,0,0,0
Options,United States Dollar,SCHW  230421C00051000,SCHW 21APR23 51 C,Financials,5,2.2,-1100,-1100,-5,3.1,1550,1550
Options,United States Dollar,SCHW  250117C00050000,SCHW 17JAN25 50 C,Financials,1,9.85,-985,-985,-1,14,1400,1400
Options,United States Dollar,SCHW  250117C00055000,SCHW 17JAN25 55 C,Financials,1,11.67,-1167,-1167,-1,17.9,1790,1790
Options,United States Dollar,SKLZ1 240119C00002500,SKLZ1 19JAN24 2.5 C,Technology,1,1.39,-139,-139,-1,2.16,216,216
Options,United States Dollar,SLV   220617C00020000,SLV 17JUN22 20 C,Basic Materials,2,1.965,-393,-393,-2,0.51,102,102
Options,United States Dollar,SOFI  220805C00006000,SOFI 05AUG22 6 C,Financials,1,0.78,-78,-78,-1,1.83,183,183
Options,United States Dollar,SOXS  220610C00045500,SOXS 10JUN22 45.5 C,Broad,1,1.51,-151,-151,-1,3.2,320,320
Options,United States Dollar,SOXS  220610P00044500,SOXS 10JUN22 44.5 P,Broad,1,1.3,-130,-130,-1,1.11,111,111
Options,United States Dollar,SPY   220527P00400000,SPY 27MAY22 400.0 P,Broad,1,0.8,-80,-80,-1,0.03,3,3
Options,United States Dollar,SPY   220610P00409000,SPY 10JUN22 409.0 P,Broad,1,2.1,-210,-210,-1,5.05,505,505
Options,United States Dollar,SPY   220617P00370000,SPY 17JUN22 370 P,Broad,1,5.15,-515,-515,-1,5.6,560,560
Options,United States Dollar,SPY   220622P00360000,SPY 22JUN22 360 P,Broad,1,3.03,-303,-303,-1,0.01,1,1
Options,United States Dollar,SPY   220629P00380000,SPY 29JUN22 380 P,Broad,1,2.38,-238,-238,-1,2.15,215,215
Options,United States Dollar,SPY   220701C00400000,SPY 01JUL22 400 C,Broad,1,1.3,-130,-130,-1,0,0,0
Options,United States Dollar,SPY   220819P00400000,SPY 19AUG22 400 P,Broad,1,3.6,-360,-360,-1,0,0,0
Options,United States Dollar,SPY   221014P00357000,SPY 14OCT22 357 P,Broad,1,0.5,-50,-50,-1,0,0,0
Options,United States Dollar,SPY   230112P00385000,SPY 12JAN23 385 P,Broad,1,1.15,-115,-115,-1,0,0,0
Options,United States Dollar,SPY   230310C00395000,SPY 10MAR23 395 C,Broad,2,1.45,-290,-290,-2,0.48,96,96
Options,United States Dollar,SPY   230317C00393000,SPY 17MAR23 393 C,Broad,1,1.92,-192,-192,-1,1.09,109,109
Options,United States Dollar,SPY   241220C00350000,SPY 20DEC24 350 C,Broad,1,74,-7400,-7400,-1,84.45,8445,8445
Options,United States Dollar,SPY   241220C00380000,SPY 20DEC24 380 C,Broad,1,62.4,-6240,-6240,-1,67.1,6710,6710
Options,United States Dollar,SQ    220225C00115000,SQ 25FEB22 115.0 C,Industrials,1,2.7,-270,-270,-1,3,300,300
Options,United States Dollar,SQ    230616C00110000,SQ 16JUN23 110 C,Industrials,1,22.6,-2260,-2260,-1,31.5,3150,3150
Options,United States Dollar,SQ    240119C00100000,SQ 19JAN24 100 C,Industrials,2,19.5,-3900,-3900,-2,20.52,4104,4104
Options,United States Dollar,STLA  270115C00010000,STLA 15JAN27 10 C,Consumer Cyclicals,8,4.8875,-3910,-3910,-8,5.2,4160,4160
Options,United States Dollar,TAN   220414C00070000,TAN 14APR22 70.0 C,Energy,1,2,-200,-200,-1,3.2,320,320
Options,United States Dollar,TDOC  220325C00070000,TDOC 25MAR22 70.0 C,Healthcare,1,2.27,-227,-227,-1,1.73,173,173
Options,United States Dollar,TDOC  240119C00030000,TDOC 19JAN24 30 C,Healthcare,1,12,-1200,-1200,-1,14.7,1470,1470
Options,United States Dollar,TDOC  240119C00060000,TDOC 19JAN24 60 C,Healthcare,1,22.37,-2237,-2237,-1,27.53,2753,2753
Options,United States Dollar,TLT   241122C00090000,TLT 22NOV24 90 C,Government,1,0.7,-70,-70,-1,1.08,108,108
Options,United States Dollar,TLT   241220C00090000,TLT 20DEC24 90 C,Government,1,1.69,-169,-169,-1,2.55,255,255
Options,United States Dollar,TLT   250117C00060000,TLT 17JAN25 60 C,Government,3,29.033333333,-8710,-8710,-3,33.35,10005,10005
Options,United States Dollar,TLT   250307C00090000,TLT 07MAR25 90 C,Government,4,0.84,-336,-336,-4,0.88,352,352
Options,United States Dollar,TLT   260116C00060000,TLT 16JAN26 60 C,Government,1,29.45,-2945,-2945,-1,38.9,3890,3890
Options,United States Dollar,TLT   260116C00070000,TLT 16JAN26 70 C,Government,1,21.3,-2130,-2130,-1,29.3,2930,2930
Options,United States Dollar,TLT   260116C00080000,TLT 16JAN26 80 C,Government,4,16.7,-6680,-6680,-4,20.3,8120,8120
Options,United States Dollar,TLT   260116C00090000,TLT 16JAN26 90 C,Government,10,10.51,-10510,-10510,-10,12.74,12740,12740
Options,United States Dollar,TLT   270115C00080000,TLT 15JAN27 80 C,Government,4,17.33,-6932,-6932,0,0,0,0
Options,United States Dollar,TLT   270115C00090000,TLT 15JAN27 90 C,Government,10,9.34,-9340,-9340,-4,11.25,4500,4500
Options,United States Dollar,TSLA  221104C00240000,TSLA 04NOV22 240 C,Consumer Cyclicals,3,0.65,-195,-195,-3,0,0,0
Options,United States Dollar,TSLA  221104P00200000,TSLA 04NOV22 200 P,Consumer Cyclicals,6,0.28,-168,-168,-6,0.45,270,270
Options,United States Dollar,TWTR  240119C00040000,TWTR JAN24 40 C,Telecomm,2,8.175,-1635,-1635,-2,9.45,1890,1890
Options,United States Dollar,UAL   250620C00045000,UAL 20JUN25 45 C,Industrials,2,5.6,-1120,-1120,-2,12.75,2550,2550
Options,United States Dollar,USB   230428C00035000,USB 28APR23 35 C,Financials,3,1.4,-420,-420,-3,0,0,0
Options,United States Dollar,USB   250117C00035000,USB 17JAN25 35 C,Financials,1,5.7,-570,-570,-1,5.86,586,586
Options,United States Dollar,UVXY  220211C00014000,UVXY 11FEB22 14.0 C,Broad,1,1.09,-109,-109,-1,0.7,70,70
Options,United States Dollar,UVXY  220218C00015000,UVXY 18FEB22 15.0 C,Broad,2,1.47,-294,-294,-2,1.575,315,315
Options,United States Dollar,UVXY  220225C00016000,UVXY 25FEB22 16.0 C,Broad,1,2,-200,-200,-1,3.7,370,370
Options,United States Dollar,UVXY  220304C00017000,UVXY 04MAR22 17.0 C,Broad,1,2.1,-210,-210,-1,1.68,168,168
Options,United States Dollar,UVXY  220311C00018000,UVXY 11MAR22 18.0 C,Broad,1,1.98,-198,-198,-1,2.21,221,221
Options,United States Dollar,UVXY  220318C00020000,UVXY 18MAR22 20.0 C,Broad,1,2.1,-210,-210,-1,0.01,1,1
Options,United States Dollar,UVXY  220325C00015000,UVXY 25MAR22 15.0 C,Broad,2,1.14,-228,-228,-2,0,0,0
Options,United States Dollar,UVXY  220401C00013000,UVXY 01APR22 13.0 C,Broad,2,1.1,-220,-220,-2,0,0,0
Options,United States Dollar,UVXY  220422C00012000,UVXY 22APR22 12.0 C,Broad,1,1.57,-157,-157,-1,0.63,63,63
Options,United States Dollar,UVXY  220429C00012000,UVXY 29APR22 12.0 C,Broad,1,1.07,-107,-107,-1,4.19,419,419
Options,United States Dollar,UVXY  220708C00013000,UVXY 08JUL22 13 C,Broad,1,1.06,-106,-106,-1,0,0,0
Options,United States Dollar,V     220916C00205000,V 16SEP22 205 C,Industrials,1,2.58,-258,-258,-1,0.88,88,88
Options,United States Dollar,VALE  240119C00010000,VALE 19JAN24 10 C,Basic Materials,2,4.05,-810,-810,-2,5.24,1048,1048
Options,United States Dollar,VALE  240119C00013000,VALE 19JAN24 13 C,Basic Materials,5,2.058,-1029,-1029,-5,2.55,1275,1275
Options,United States Dollar,VALE  250117C00015000,VALE 17JAN25 15 C,Basic Materials,6,1.783333333,-1070,-1070,-6,2.166666667,1300,1300
Options,United States Dollar,VZ    240119C00040000,VZ 19JAN24 40 C,Technology,1,6.95,-695,-695,-1,2.84,284,284
Options,United States Dollar,WBA   240328C00021500,WBA 28MAR24 21.5 C,Consumer Non-Cyc,7,0.56,-392,-392,-7,0,0,0
Options,United States Dollar,XOM   220318P00075000,XOM 18MAR22 75.0 P,Energy,1,1.65,-165,-165,-1,2.28,228,228
Options,United States Dollar,XOM   220715P00085000,XOM 15JUL22 85 P,Energy,1,1.68,-168,-168,-1,3.76,376,376
Options,United States Dollar,XOM   240119P00090000,XOM 19JAN24 90 P,Energy,1,10,-1000,-1000,-1,13.81,1381,1381
Options,United States Dollar,XP    221021C00019000,XP 21OCT22 19 C,Financials,1,1.87,-187,-187,-1,2.3,230,230
Options,United States Dollar,XP    221021C00020000,XP 21OCT22 20 C,Financials,1,1.03,-103,-103,-1,1.8,180,180
Options,United States Dollar,XYZ   270115C00070000,XYZ 15JAN27 70 C,Industrials,1,17.65,-1765,-1765,-1,21.16,2116,2116
Options,United States Dollar,YINN1 230120C00007000,YINN1 20JAN23 7 C,Broad,1,1.49,-149,-149,-1,0,0,0
Options,United States Dollar,YUMC  250117C00042500,YUMC 17JAN25 42.5 C,Consumer Cyclicals,3,3.29,-987,-987,-3,1.7,510,510
Stocks,Euro,BAS,BASF SE,Basic Materials,200,45.81,-9162,-9738.4484,-200,49.685,9937,10238.0911
Stocks,United States Dollar,ABEV,AMBEV SA-ADR,Consumer Non-Cyc,13780,2.897417997,-39926.42,-39926.42,-13780,2.971364296,40945.4,40945.4
Stocks,United States Dollar,AI,C3.AI INC-A,Technology,50,19.51,-975.5,-975.5,-50,21.871,1093.55,1093.55
Stocks,United States Dollar,AKO B,EMBOTELLADORA ANDINA-ADR B,Consumer Non-Cyc,1696,12.936910377,-21941,-21941,-1696,13.559091981,22996.22,22996.22
Stocks,United States Dollar,AMZN,AMAZON.COM INC,Consumer Cyclicals,50,93.9776,-4698.88,-4698.88,-50,82.01,4100.5,4100.5
Stocks,United States Dollar,AVAL,GRUPO AVAL ACCIONES Y VALORE,Financials,4150,5.135614458,-21312.8,-21312.8,-4150,5.099577108,21163.245,21163.245
Stocks,United States Dollar,AVK,ADVENT CONVERT & INCOME,Broad,1050,11.247285714,-11809.65,-11809.65,-1050,12.616571429,13247.4,13247.4
Stocks,United States Dollar,AXIA,AXIA ENERGIA-ADR PREF,Utilities,540,6.01,-3245.4,-3245.4,-540,7.05,3807,3807
Stocks,United States Dollar,BA,BOEING CO/THE,Industrials,40,161.6025,-6464.1,-6464.1,-40,164.171,6566.84,6566.84
Stocks,United States Dollar,BAC,BANK OF AMERICA CORP,Financials,100,29.825,-2982.5,-2982.5,-100,32.485,3248.5,3248.5
Stocks,United States Dollar,BAX,BAXTER INTERNATIONAL INC.,Healthcare,50,58.5273,-2926.365,-2926.365,-50,50.352,2517.6,2517.6
Stocks,United States Dollar,BBD,BANCO BRADESCO-ADR,Financials,4000,2.5361,-10144.4,-10144.4,-4000,2.736,10944,10944
Stocks,United States Dollar,BBN,BLACKROCK TAXABLE MUNI BND,Broad,4960,17.032385081,-84480.63,-84480.63,-3460,16.240433526,56191.9,56191.9
Stocks,United States Dollar,BBVA,BANCO BILBAO VIZCAYA-SP ADR,Financials,500,4.829,-2414.5,-2414.5,-500,4.805,2402.5,2402.5
Stocks,United States Dollar,BCAT,BLACKROCK CAPITAL ALLOC TR,Broad,730,14.008273973,-10226.04,-10226.04,-730,14.706027397,10735.4,10735.4
Stocks,United States Dollar,BCS,BARCLAYS PLC-SPONS ADR,Financials,300,8.149333333,-2444.8,-2444.8,-300,8.485,2545.5,2545.5
Stocks,United States Dollar,BHP,BHP GROUP LTD-SPON ADR,Basic Materials,50,64.54,-3227,-3227,-50,61.7105,3085.525,3085.525
Stocks,United States Dollar,BKT,BLACKROCK INCOME TRUST,Broad,1500,12.579113333,-18868.67,-18868.67,0,0,0,0
Stocks,United States Dollar,BLW,BLACKROCK LTD DURAT INC TR,Broad,3578,13.014901901,-46567.319,-46567.319,-3578,13.136777529,47003.39,47003.39
Stocks,United States Dollar,BMY,BRISTOL-MYERS SQUIBB CO,Healthcare,25,56.978,-1424.45,-1424.45,-25,59.6,1490,1490
Stocks,United States Dollar,BPCR,BIOPHARMA CREDIT PLC,Broad,87000,0.976022989,-84914,-84914,-132400,0.98323565,130180.4,130180.4
Stocks,United States Dollar,BTI,BRITISH AMERICAN TOB-SP ADR,Consumer Non-Cyc,190,37.45,-7115.5,-7115.5,-190,30.577310526,5809.689,5809.689
Stocks,United States Dollar,BUD,ANHEUSER-BUSCH INBEV SPN ADR,Consumer Non-Cyc,50,56.28,-2814,-2814,-50,56.16,2808,2808
Stocks,United States Dollar,BVN,CIA DE MINAS BUENAVENTUR-ADR,Basic Materials,500,5.338,-2669,-2669,-500,5.93,2965,2965
Stocks,United States Dollar,C,CITIGROUP INC,Financials,100,49.7756,-4977.56,-4977.56,-100,51.96,5196,5196
Stocks,United States Dollar,CBDBY,CIA BRASILEIRA DE DIS- ADR,Consumer Non-Cyc,3712,3.704725216,-13751.94,-13751.94,-3712,3.898230065,14470.23,14470.23
Stocks,United States Dollar,CHWY,CHEWY INC - CLASS A,Consumer Cyclicals,40,25.82,-1032.8,-1032.8,-40,31.496,1259.84,1259.84
Stocks,United States Dollar,CIG,CIA ENERGETICA DE-SPON ADR,Utilities,5000,2.0665,-10332.5,-10332.5,-5000,2.243156,11215.78,11215.78
Stocks,United States Dollar,CRM,SALESFORCE INC,Technology,15,183.22,-2748.3,-2748.3,-15,198.246666667,2973.7,2973.7
Stocks,United States Dollar,CS,CREDIT SUISSE GROUP-SPON ADR,Financials,900,5.275,-4747.5,-4747.5,-900,5.585,5026.5,5026.5
Stocks,United States Dollar,DIS,WALT DISNEY CO/THE,Telecomm,42,143.533333333,-6028.4,-6028.4,-42,141.97,5962.74,5962.74
Stocks,United States Dollar,DSL,DOUBLELINE INCOME SOLUTIONS,Broad,915,12.655,-11579.325,-11579.325,-915,11.285,10325.775,10325.775
Stocks,United States Dollar,EAD,ALLSPRING INCOME OPPORT,Broad,2000,6.35968,-12719.36,-12719.36,-2000,6.34006,12680.12,12680.12
Stocks,United States Dollar,ECAT,BLACKROCK ESG CAP ALL TRM TR,Broad,715,16.748837063,-11975.4185,-11975.4185,0,0,0,0
Stocks,United States Dollar,ENIAY,ENEL AMERICAS SA-ADR,Utilities,590,5.428,-3202.52,-3202.52,-590,5.975,3525.25,3525.25
Stocks,United States Dollar,ENIC,ENEL CHILE SA-ADR,Utilities,3350,2.968370149,-9944.04,-9944.04,-3350,1.852,6204.2,6204.2
Stocks,United States Dollar,EXG,EATON VANCE TAX-MANAGED GLOB,Broad,1390,8.348978417,-11605.08,-11605.08,-1390,8.800719424,12233,12233
Stocks,United States Dollar,FCX,FREEPORT-MCMORAN INC,Basic Materials,1700,43.081468235,-73238.496,-73238.496,-1700,47.705,81098.5,81098.5
Stocks,United States Dollar,GBAB,GUGGENHEIM TAXABLE MUNICIPAL,Broad,3100,16.605332258,-51476.53,-51476.53,-1900,15.893147368,30196.98,30196.98
Stocks,United States Dollar,GDO,WESTERN AST GLB CORP OPPRNTY,Broad,3443,12.600624455,-43383.95,-43383.95,-3443,12.579974441,43312.852,43312.852
Stocks,United States Dollar,GHY,PGIM GLOBAL HIGH YIELD FUND,Broad,1500,12.1508,-18226.2,-18226.2,-1500,11.450013333,17175.02,17175.02
Stocks,United States Dollar,GILD,GILEAD SCIENCES INC,Healthcare,30,59.105,-1773.15,-1773.15,-30,59.212,1776.36,1776.36
Stocks,United States Dollar,GOLD.OLD,BARRICK MINING CORP,Basic Materials,470,18.26212766,-8583.2,-8583.2,-470,19.958723404,9380.6,9380.6
Stocks,United States Dollar,GRFS,GRIFOLS SA-ADR,Healthcare,960,10.966921875,-10528.245,-10528.245,-960,12.153565625,11667.423,11667.423
Stocks,United States Dollar,HAS,HASBRO INC,Consumer Cyclicals,220,58.067272727,-12774.8,-12774.8,-220,62.709545455,13796.1,13796.1
Stocks,United States Dollar,HIX,WESTERN ASSET HIGH INC II,Broad,5700,4.914597368,-28013.205,-28013.205,-5700,4.598179684,26209.6242,26209.6242
Stocks,United States Dollar,HMC,HONDA MOTOR CO LTD-SPONS ADR,Consumer Cyclicals,50,26.155,-1307.75,-1307.75,-50,25.502,1275.1,1275.1
Stocks,United States Dollar,IFS,INTERCORP FINANCIAL SERVICES,Financials,200,22.5,-4500,-4500,-200,23.73,4746,4746
Stocks,United States Dollar,ING,ING GROEP N.V.-SPONSORED ADR,Financials,500,9.263,-4631.5,-4631.5,-500,9.635,4817.5,4817.5
Stocks,United States Dollar,ITUB,ITAU UNIBANCO H-SPON PRF ADR,Financials,6620,4.723110272,-31266.99,-31266.99,-6620,4.595977039,30425.368,30425.368
Stocks,United States Dollar,JD,JD.COM INC-ADR,Consumer Cyclicals,20,51.388,-1027.76,-1027.76,-20,64.85,1297,1297
Stocks,United States Dollar,K,KELLANOVA,Consumer Non-Cyc,90,67.098,-6038.82,-6038.82,-90,50.361111111,4532.5,4532.5
Stocks,United States Dollar,KLG,WK KELLOGG CO,Consumer Non-Cyc,0,0,0,0,-22.5,11.370282222,255.83135,255.83135
Stocks,United States Dollar,KMB,KIMBERLY-CLARK CORP,Consumer Non-Cyc,53,125.443396226,-6648.5,-6648.5,-53,137.651886792,7295.55,7295.55
Stocks,United States Dollar,LMT,LOCKHEED MARTIN CORP,Industrials,10,333.5,-3335,-3335,-10,357,3570,3570
Stocks,United States Dollar,LUMN,LUMEN TECHNOLOGIES INC,Technology,150,9.938,-1490.7,-1490.7,-150,10.662,1599.3,1599.3
Stocks,United States Dollar,LVS,LAS VEGAS SANDS CORP,Consumer Cyclicals,30,35.275,-1058.25,-1058.25,-30,38.55,1156.5,1156.5
Stocks,United States Dollar,MMM,3M CO,Consumer Non-Cyc,54,149.170481481,-8055.206,-8055.206,-54,142.924888889,7717.944,7717.944
Stocks,United States Dollar,MRK,MERCK & CO INC,Healthcare,20,73.29975,-1465.995,-1465.995,-20,77.4,1548,1548
Stocks,United States Dollar,NAD,NUVEEN QUALITY MUNICIPAL INC,Broad,500,12.41808,-6209.04,-6209.04,-500,11.375,5687.5,5687.5
Stocks,United States Dollar,NBB,NUVEEN TAXABLE MUNICIPAL INC,Broad,1660,15.43928012,-25629.205,-25629.205,-660,16.138818182,10651.62,10651.62
Stocks,United States Dollar,NEM,NEWMONT CORP,Basic Materials,457,54.351203501,-24838.5,-24838.5,-457,55.788785558,25495.475,25495.475
Stocks,United States Dollar,NFLX,NETFLIX INC,Telecomm,6,243.36,-1460.16,-1460.16,-6,188.695,1132.17,1132.17
Stocks,United States Dollar,NKE,NIKE INC -CL B,Consumer Cyclicals,955,81.805717277,-78124.46,-78124.46,-955,77.732460733,74234.5,74234.5
Stocks,United States Dollar,NMI,NUVEEN MUNICIPAL INCOME,Broad,500,9.29764,-4648.82,-4648.82,-500,9.73,4865,4865
Stocks,United States Dollar,NU,NU HOLDINGS LTD/CAYMAN ISL-A,Financials,200,5.2965,-1059.3,-1059.3,-200,4.99135,998.27,998.27
Stocks,United States Dollar,NUV,NUVEEN MUNICIPAL VALUE,Broad,500,8.86854,-4434.27,-4434.27,-500,8.4832,4241.6,4241.6
Stocks,United States Dollar,ORANY,ORANGE-SPON ADR,Technology,1140,10.918245614,-12446.8,-12446.8,-1140,10.946280702,12478.76,12478.76
Stocks,United States Dollar,PAGS,PAGSEGURO DIGITAL LTD-CL A,Industrials,300,9.2,-2760,-2760,-300,10.76,3228,3228
Stocks,United States Dollar,PEP,PEPSICO INC,Consumer Non-Cyc,15,139.37,-2090.55,-2090.55,0,0,0,0
Stocks,United States Dollar,PETS,PETMED EXPRESS INC,Consumer Non-Cyc,50,21.82,-1091,-1091,-50,21.46,1073,1073
Stocks,United States Dollar,PFE,PFIZER INC,Healthcare,120,43.71,-5245.2,-5245.2,-120,26.3,3156,3156
Stocks,United States Dollar,PML,PIMCO MUNICIPAL INCOME FD II,Broad,6250,9.4241072,-58900.67,-58900.67,-6250,9.012944,56330.9,56330.9
Stocks,United States Dollar,PYPL,PAYPAL HOLDINGS INC,Financials,10,159,-1590,-1590,-10,67.73,677.3,677.3
Stocks,United States Dollar,QIWI,QIWI PLC-SPONSORED ADR,Industrials,430,7.188,-3090.84,-3090.84,0,0,0,0
Stocks,United States Dollar,RACE,FERRARI NV,Consumer Cyclicals,12,362.38,-4348.56,-4348.56,0,0,0,0
Stocks,United States Dollar,SAN,BANCO SANTANDER SA-SPON ADR,Financials,2000,3.45,-6900,-6900,-2000,3.48,6960,6960
Stocks,United States Dollar,SAP,SAP SE-SPONSORED ADR,Technology,20,100.7,-2014,-2014,-20,108.79,2175.8,2175.8
Stocks,United States Dollar,SCCO,SOUTHERN COPPER CORP,Basic Materials,80,47.295,-3783.6,-3783.6,-80,49.01,3920.8,3920.8
Stocks,United States Dollar,SKLZ,SKILLZ INC,Technology,700,2.57,-1799,-1799,-700,3.335,2334.5,2334.5
Stocks,United States Dollar,SNY,SANOFI-ADR,Healthcare,60,47.954,-2877.24,-2877.24,0,0,0,0
Stocks,United States Dollar,SWK,STANLEY BLACK & DECKER INC,Industrials,50,119.729,-5986.45,-5986.45,-50,73.1672,3658.36,3658.36
Stocks,United States Dollar,T,AT&T INC,Technology,348,28.704224138,-9989.07,-9989.07,-348,24.923724138,8673.456,8673.456
Stocks,United States Dollar,TEN,TENNECO INC-CLASS A,Consumer Cyclicals,350,10.45,-3657.5,-3657.5,-350,19.58,6853,6853
Stocks,United States Dollar,TROW,T ROWE PRICE GROUP INC,Financials,75,113.513333333,-8513.5,-8513.5,-75,119.757333333,8981.8,8981.8
Stocks,United States Dollar,UL,UNILEVER PLC-SPONSORED ADR,Consumer Non-Cyc,65,45.575,-2962.375,-2962.375,-65,46.962,3052.53,3052.53
Stocks,United States Dollar,V,VISA INC-CLASS A SHARES,Industrials,7,195,-1365,-1365,-7,207.9,1455.3,1455.3
Stocks,United States Dollar,VLT,INVESCO HIGH INCOME TRUST II,Broad,1022,11.35,-11599.7,-11599.7,-1022,10.92,11160.24,11160.24
Stocks,United States Dollar,WBA,WALGREENS BOOTS ALLIANCE INC,Consumer Non-Cyc,965,27.300202073,-26344.695,-26344.695,-965,26.262823834,25343.625,25343.625
Stocks,United States Dollar,WDI,WESTERN ASSET DIVERS INC,Broad,755,15.215,-11487.325,-11487.325,0,0,0,0
Stocks,United States Dollar,WDS,WOODSIDE ENERGY GROUP-ADR,Energy,0,0,0,0,-18.07,23.709961262,428.439,428.439
Stocks,United States Dollar,WMT,WALMART INC,Consumer Non-Cyc,100,120.36,-12036,-12036,-100,122.81454,12281.454,12281.454
Stocks,United States Dollar,WOOF,PETCO HEALTH AND WELLNESS CO,Consumer Cyclicals,60,16.025,-961.5,-961.5,-60,9.015,540.9,540.9
Stocks,United States Dollar,XP,XP INC - CLASS A,Financials,2020.000001,16.517846542,-33366.05003093,-33366.05003093,-2056.940601,17.421204757,35834.38338293,35834.38338293
Stocks,United States Dollar,XYZ,BLOCK INC,Industrials,30,97.595,-2927.85,-2927.85,-30,112.333333333,3370,3370
Stocks,United States Dollar,ZBH,ZIMMER BIOMET HOLDINGS INC,Healthcare,24,118.795,-2851.08,-2851.08,-24,113.34,2720.16,2720.16
